{"balance":0.200000,"contradiction_energy":9.800000,"error_margin":0.010309,"repair_energy":9.600000}
